recipe_id,recipe_url,calories,fat,carb,protein,cholesterol,sodium
76500,https://www.allrecipes.com/recipe/76500/joes-crab-shack-crab-dip/,505 calories;,23.8 ,43,29.6 ,89 ,1734 
76501,https://www.allrecipes.com/recipe/76501/pina-colada-dipping-sauce-duplicate-9292004-13630-am/,505 calories;,23.8 ,43,29.6 ,89 ,1734 
76502,https://www.allrecipes.com/recipe/76502/cheese-cake-to-die-for/,505 calories;,23.8 ,43,29.6 ,89 ,1734 
76503,https://www.allrecipes.com/recipe/76503/stuffed-french-toast-duplicate-9292004-13638-am/,505 calories;,23.8 ,43,29.6 ,89 ,1734 
76504,https://www.allrecipes.com/recipe/76504/stuffed-pretzels/,505 calories;,23.8 ,43,29.6 ,89 ,1734 
76505,https://www.allrecipes.com/recipe/76505/lebanese-garlic-sauce/,505 calories;,23.8 ,43,29.6 ,89 ,1734 
76506,https://www.allrecipes.com/recipe/76506/quick-and-easy-peanut-butter-pie/,505 calories;,23.8 ,43,29.6 ,89 ,1734 
76507,https://www.allrecipes.com/recipe/76507/cranberry-cream-cheese-turkey-wrap-sandwich/,505 calories;,23.8 ,43,29.6 ,89 ,1734 
76508,https://www.allrecipes.com/recipe/76508/jalapeno-ranch-dressing/,505 calories;,23.8 ,43,29.6 ,89 ,1734 
76509,https://www.allrecipes.com/recipe/76509/easy-cold-marinated-green-beans/,505 calories;,23.8 ,43,29.6 ,89 ,1734 
76510,https://www.allrecipes.com/recipe/76510/fun-quesedialla/,505 calories;,23.8 ,43,29.6 ,89 ,1734 
76511,https://www.allrecipes.com/recipe/76511/leftover-chili-pie/,505 calories;,23.8 ,43,29.6 ,89 ,1734 
76512,https://www.allrecipes.com/recipe/76512/authentic-thai-cashew-chicken/,369 calories;,15.9 ,25.8,34.4 ,72 ,506 
76513,https://www.allrecipes.com/recipe/76513/clam-chowder-casserole/,860 calories;,31.8 ,72.1,66.5 ,264 ,1633 
76514,https://www.allrecipes.com/recipe/76514/white-chocolate-strawberry-cookies/,505 calories;,23.8 ,43,29.6 ,89 ,1734 
76515,https://www.allrecipes.com/recipe/76515/chocolate-crispy-candy-bar-treat/,505 calories;,23.8 ,43,29.6 ,89 ,1734 
76516,https://www.allrecipes.com/recipe/76516/gluten-free-macadamia-pie-crust/,230 calories;,18.3 ,9.3,10.9 ,46 ,22 
76517,https://www.allrecipes.com/recipe/76517/no-bake-peanut-butter-pie/,505 calories;,23.8 ,43,29.6 ,89 ,1734 
76518,https://www.allrecipes.com/recipe/76518/nanys-caramel-peanut-butter-cake/,505 calories;,23.8 ,43,29.6 ,89 ,1734 
76519,https://www.allrecipes.com/recipe/76519/the-humble-shepherd/,566 calories;,34.4 ,36,30.5 ,130 ,1038 
76520,https://www.allrecipes.com/recipe/76520/macaroni-salad-duplicate-9302004-13530-am/,505 calories;,23.8 ,43,29.6 ,89 ,1734 
76521,https://www.allrecipes.com/recipe/76521/chinese-chicken-duplicate-9302004-13533-am/,505 calories;,23.8 ,43,29.6 ,89 ,1734 
76522,https://www.allrecipes.com/recipe/76522/pineapple-cassarole/,505 calories;,23.8 ,43,29.6 ,89 ,1734 
76523,https://www.allrecipes.com/recipe/76523/stuffed-mushrooms-duplicate-9302004-13540-am/,505 calories;,23.8 ,43,29.6 ,89 ,1734 
76524,https://www.allrecipes.com/recipe/76524/bacon-scallion-mashed-potatoes/,505 calories;,23.8 ,43,29.6 ,89 ,1734 
76525,https://www.allrecipes.com/recipe/76525/pumpkin-cheesecake/,505 calories;,23.8 ,43,29.6 ,89 ,1734 
76526,https://www.allrecipes.com/recipe/76526/baked-eggplant/,505 calories;,23.8 ,43,29.6 ,89 ,1734 
76527,https://www.allrecipes.com/recipe/76527/stuffed-zucchini-duplicate-9302004-13555-am/,505 calories;,23.8 ,43,29.6 ,89 ,1734 
76528,https://www.allrecipes.com/recipe/76528/great-beef-stew/,505 calories;,23.8 ,43,29.6 ,89 ,1734 
76529,https://www.allrecipes.com/recipe/76529/chicken-paprikash-aka-sour-cream-soup/,505 calories;,23.8 ,43,29.6 ,89 ,1734 
76530,https://www.allrecipes.com/recipe/76530/crab-rangoon-duplicate-9302004-13610-am/,505 calories;,23.8 ,43,29.6 ,89 ,1734 
76531,https://www.allrecipes.com/recipe/76531/chili-less-chili/,505 calories;,23.8 ,43,29.6 ,89 ,1734 
76532,https://www.allrecipes.com/recipe/76532/super-moist-peach-cake/,505 calories;,23.8 ,43,29.6 ,89 ,1734 
76533,https://www.allrecipes.com/recipe/76533/jalapeno-jelly-duplicate-9302004-13622-am/,505 calories;,23.8 ,43,29.6 ,89 ,1734 
76534,https://www.allrecipes.com/recipe/76534/super-hot-sauce/,505 calories;,23.8 ,43,29.6 ,89 ,1734 
76535,https://www.allrecipes.com/recipe/76535/hash-brown-potato-casserole/,505 calories;,23.8 ,43,29.6 ,89 ,1734 
76536,https://www.allrecipes.com/recipe/76536/debbies-rellenos/,505 calories;,23.8 ,43,29.6 ,89 ,1734 
76537,https://www.allrecipes.com/recipe/76537/cheese-spread-with-raspberry-jam/,505 calories;,23.8 ,43,29.6 ,89 ,1734 
76538,https://www.allrecipes.com/recipe/76538/fruity-tamale-relish/,40 calories;,0.1 ,10,0.3 ,0 ,70 
76539,https://www.allrecipes.com/recipe/76539/easy-mexican-rice/,505 calories;,23.8 ,43,29.6 ,89 ,1734 
76540,https://www.allrecipes.com/recipe/76540/simple-cheese-dip/,505 calories;,23.8 ,43,29.6 ,89 ,1734 
76541,https://www.allrecipes.com/recipe/76541/easy-perogy-dough/,505 calories;,23.8 ,43,29.6 ,89 ,1734 
76542,https://www.allrecipes.com/recipe/76542/tasty-macaroni-cheese/,505 calories;,23.8 ,43,29.6 ,89 ,1734 
76543,https://www.allrecipes.com/recipe/76543/chocolate-amaretto-trifle/,505 calories;,23.8 ,43,29.6 ,89 ,1734 
76544,https://www.allrecipes.com/recipe/76544/fresh-apple-omelet/,148 calories;,3.6 ,25.7,4.3 ,106 ,67 
76545,https://www.allrecipes.com/recipe/76545/heart-friendly-zucchini-bread/,505 calories;,23.8 ,43,29.6 ,89 ,1734 
76546,https://www.allrecipes.com/recipe/76546/allioli/,505 calories;,23.8 ,43,29.6 ,89 ,1734 
76547,https://www.allrecipes.com/recipe/76547/whip-grape-apple-salad/,505 calories;,23.8 ,43,29.6 ,89 ,1734 
76548,https://www.allrecipes.com/recipe/76548/hamburger-in-a-blanket/,505 calories;,23.8 ,43,29.6 ,89 ,1734 
76549,https://www.allrecipes.com/recipe/76549/amaretto-bon-bons/,505 calories;,23.8 ,43,29.6 ,89 ,1734 
76550,https://www.allrecipes.com/recipe/76550/grilled-cheese-w-caramelized-onions/,505 calories;,23.8 ,43,29.6 ,89 ,1734 
76551,https://www.allrecipes.com/recipe/76551/broiled-onion-cheese-bread/,505 calories;,23.8 ,43,29.6 ,89 ,1734 
76552,https://www.allrecipes.com/recipe/76552/raspberry-balsamic-chicken/,505 calories;,23.8 ,43,29.6 ,89 ,1734 
76553,https://www.allrecipes.com/recipe/76553/game-day-tortilla-soup/,505 calories;,23.8 ,43,29.6 ,89 ,1734 
76554,https://www.allrecipes.com/recipe/76554/choco-coffee/,505 calories;,23.8 ,43,29.6 ,89 ,1734 
76555,https://www.allrecipes.com/recipe/76555/easy-as-ever-stroganoff/,505 calories;,23.8 ,43,29.6 ,89 ,1734 
76556,https://www.allrecipes.com/recipe/76556/cherry-chocolate-chunk-cookies/,162 calories;,9.6 ,18.8,2 ,15 ,64 
76557,https://www.allrecipes.com/recipe/76557/chicken-soup-with-a-kick/,505 calories;,23.8 ,43,29.6 ,89 ,1734 
76558,https://www.allrecipes.com/recipe/76558/orange-and-brazil-nut-cake/,505 calories;,23.8 ,43,29.6 ,89 ,1734 
76559,https://www.allrecipes.com/recipe/76559/eggless-chewy-oatmeal-raisin-cookies/,505 calories;,23.8 ,43,29.6 ,89 ,1734 
76560,https://www.allrecipes.com/recipe/76560/the-best-blueberry-no-bake-cheesecake/,505 calories;,23.8 ,43,29.6 ,89 ,1734 
76561,https://www.allrecipes.com/recipe/76561/hot-dog-octopus/,505 calories;,23.8 ,43,29.6 ,89 ,1734 
76562,https://www.allrecipes.com/recipe/76562/awesome-baked-spaghetti-duplicate-1012004-13611-am/,505 calories;,23.8 ,43,29.6 ,89 ,1734 
76563,https://www.allrecipes.com/recipe/76563/catfish-tacos/,505 calories;,23.8 ,43,29.6 ,89 ,1734 
76564,https://www.allrecipes.com/recipe/76564/easy-goulash-duplicate-1012004-13620-am/,505 calories;,23.8 ,43,29.6 ,89 ,1734 
76565,https://www.allrecipes.com/recipe/76565/chickenitaliansausage/,505 calories;,23.8 ,43,29.6 ,89 ,1734 
76566,https://www.allrecipes.com/recipe/76566/chicken-asparagus-bow-tie-pasta/,505 calories;,23.8 ,43,29.6 ,89 ,1734 
76567,https://www.allrecipes.com/recipe/76567/dees-crispy-oven-chicken/,505 calories;,23.8 ,43,29.6 ,89 ,1734 
76568,https://www.allrecipes.com/recipe/76568/shays-simple-salmon/,505 calories;,23.8 ,43,29.6 ,89 ,1734 
76569,https://www.allrecipes.com/recipe/76569/dianes-chicken-noodle-soup/,505 calories;,23.8 ,43,29.6 ,89 ,1734 
76570,https://www.allrecipes.com/recipe/76570/spaghetti-bake-i/,505 calories;,23.8 ,43,29.6 ,89 ,1734 
76571,https://www.allrecipes.com/recipe/76571/saucy-tamale-pie/,505 calories;,23.8 ,43,29.6 ,89 ,1734 
76572,https://www.allrecipes.com/recipe/76572/3-can-silky-pumpkin-pie/,331 calories;,14.3 ,42.5,9.6 ,124 ,491 
76573,https://www.allrecipes.com/recipe/76573/yummy-pot-pie/,505 calories;,23.8 ,43,29.6 ,89 ,1734 
76574,https://www.allrecipes.com/recipe/76574/creamy-mushroom-soup/,505 calories;,23.8 ,43,29.6 ,89 ,1734 
76575,https://www.allrecipes.com/recipe/76575/awesome-sloppy-joes-duplicate-1022004-13516-am/,505 calories;,23.8 ,43,29.6 ,89 ,1734 
76576,https://www.allrecipes.com/recipe/76576/dads-sauerkraut-and-kielbasa/,505 calories;,23.8 ,43,29.6 ,89 ,1734 
76577,https://www.allrecipes.com/recipe/76577/chicken-kiev-duplicate-1022004-13522-am/,505 calories;,23.8 ,43,29.6 ,89 ,1734 
76578,https://www.allrecipes.com/recipe/76578/butterscotch-cheesecake-bars-duplicate-1022004-13526-am/,505 calories;,23.8 ,43,29.6 ,89 ,1734 
76579,https://www.allrecipes.com/recipe/76579/peanut-butter-and-chocolate-cheesecake/,505 calories;,23.8 ,43,29.6 ,89 ,1734 
76580,https://www.allrecipes.com/recipe/76580/baked-stuffed-chicken-with-apples-and-bacon/,505 calories;,23.8 ,43,29.6 ,89 ,1734 
76581,https://www.allrecipes.com/recipe/76581/wvs-finest-boneless-ribs/,225 calories;,13.1 ,5.2,21 ,62 ,650 
76582,https://www.allrecipes.com/recipe/76582/companys-comeing-salad/,505 calories;,23.8 ,43,29.6 ,89 ,1734 
76583,https://www.allrecipes.com/recipe/76583/crock-pot-coq-au-vin/,505 calories;,23.8 ,43,29.6 ,89 ,1734 
76584,https://www.allrecipes.com/recipe/76584/chicken-asparagus-casserole-duplicate-1022004-13544-am/,505 calories;,23.8 ,43,29.6 ,89 ,1734 
76585,https://www.allrecipes.com/recipe/76585/strawberry-slush/,505 calories;,23.8 ,43,29.6 ,89 ,1734 
76586,https://www.allrecipes.com/recipe/76586/noodles-mexicana/,443 calories;,14.3 ,60.1,21 ,82 ,1013 
76587,https://www.allrecipes.com/recipe/76587/easy-chocolate-covered-cherries/,505 calories;,23.8 ,43,29.6 ,89 ,1734 
76588,https://www.allrecipes.com/recipe/76588/grandpas-chili/,505 calories;,23.8 ,43,29.6 ,89 ,1734 
76589,https://www.allrecipes.com/recipe/76589/wonderfully-white-pizza/,505 calories;,23.8 ,43,29.6 ,89 ,1734 
76590,https://www.allrecipes.com/recipe/76590/best-brocolli-casserole/,505 calories;,23.8 ,43,29.6 ,89 ,1734 
76591,https://www.allrecipes.com/recipe/76591/crab-sald/,505 calories;,23.8 ,43,29.6 ,89 ,1734 
76592,https://www.allrecipes.com/recipe/76592/chicken-salad-duplicate-1022004-13618-am/,505 calories;,23.8 ,43,29.6 ,89 ,1734 
76593,https://www.allrecipes.com/recipe/76593/coconut-dream-cake/,505 calories;,23.8 ,43,29.6 ,89 ,1734 
76594,https://www.allrecipes.com/recipe/76594/grandmothers-buttermilk-cornbread/,284 calories;,12.2 ,39.1,4.8 ,59 ,318 
76595,https://www.allrecipes.com/recipe/76595/southwestern-chicken-picante-salad/,505 calories;,23.8 ,43,29.6 ,89 ,1734 
76596,https://www.allrecipes.com/recipe/76596/so-simple-apple-crisp/,505 calories;,23.8 ,43,29.6 ,89 ,1734 
76597,https://www.allrecipes.com/recipe/76597/meatballs-in-sour-cream-gravy/,632 calories;,37.8 ,43.3,29.5 ,181 ,817 
76598,https://www.allrecipes.com/recipe/76598/company-carrots-duplicate-1022004-13647-am/,505 calories;,23.8 ,43,29.6 ,89 ,1734 
76599,https://www.allrecipes.com/recipe/76599/roasted-garlic-and-white-cheddar-mashed-potatoes/,505 calories;,23.8 ,43,29.6 ,89 ,1734 
76600,https://www.allrecipes.com/recipe/76600/patriotic-apple-pie/,505 calories;,23.8 ,43,29.6 ,89 ,1734 
76601,https://www.allrecipes.com/recipe/76601/oriental-dipping-sauce/,505 calories;,23.8 ,43,29.6 ,89 ,1734 
76602,https://www.allrecipes.com/recipe/76602/grandmas-lemon-cookies/,505 calories;,23.8 ,43,29.6 ,89 ,1734 
76603,https://www.allrecipes.com/recipe/76603/granny-suters-chocolate-cake/,505 calories;,23.8 ,43,29.6 ,89 ,1734 
76604,https://www.allrecipes.com/recipe/76604/make-ahead-turkey-gravy/,59 calories;,2.8 ,3.2,4.9 ,15 ,18 
76605,https://www.allrecipes.com/recipe/76605/karens-blueberry-muffins/,505 calories;,23.8 ,43,29.6 ,89 ,1734 
76606,https://www.allrecipes.com/recipe/76606/gramma-tindales-butterscotch-squares/,505 calories;,23.8 ,43,29.6 ,89 ,1734 
76607,https://www.allrecipes.com/recipe/76607/daisys-chocolate-chip-oatmeal-cookies/,505 calories;,23.8 ,43,29.6 ,89 ,1734 
76608,https://www.allrecipes.com/recipe/76608/nemon-markus-cookies/,505 calories;,23.8 ,43,29.6 ,89 ,1734 
76609,https://www.allrecipes.com/recipe/76609/please-read/,505 calories;,23.8 ,43,29.6 ,89 ,1734 
76610,https://www.allrecipes.com/recipe/76610/glogg/,505 calories;,23.8 ,43,29.6 ,89 ,1734 
76611,https://www.allrecipes.com/recipe/76611/chicken-marsala-italian/,505 calories;,23.8 ,43,29.6 ,89 ,1734 
76612,https://www.allrecipes.com/recipe/76612/pretzel-surprise/,505 calories;,23.8 ,43,29.6 ,89 ,1734 
76613,https://www.allrecipes.com/recipe/76613/no-bake-pumpkin-cheesecake-pie/,505 calories;,23.8 ,43,29.6 ,89 ,1734 
76614,https://www.allrecipes.com/recipe/76614/the-best-green-bean-casserole/,505 calories;,23.8 ,43,29.6 ,89 ,1734 
76615,https://www.allrecipes.com/recipe/76615/mexican-rice-from-oaxaca/,505 calories;,23.8 ,43,29.6 ,89 ,1734 
76616,https://www.allrecipes.com/recipe/76616/peanut-butter-pie-duplicate-1032004-13623-am/,505 calories;,23.8 ,43,29.6 ,89 ,1734 
76617,https://www.allrecipes.com/recipe/76617/green-beans-with-garlic/,505 calories;,23.8 ,43,29.6 ,89 ,1734 
76618,https://www.allrecipes.com/recipe/76618/steamed-mussels-with-curry/,123 calories;,2.8 ,10.9,15.3 ,36 ,203 
76619,https://www.allrecipes.com/recipe/76619/somewhere-over-the-rainbow-jello/,505 calories;,23.8 ,43,29.6 ,89 ,1734 
76620,https://www.allrecipes.com/recipe/76620/somewhere-over-the-rainbow-jello-duplicate-1032004-13634-am/,505 calories;,23.8 ,43,29.6 ,89 ,1734 
76621,https://www.allrecipes.com/recipe/76621/cranberry-sauce-for-pork-or-turkey/,505 calories;,23.8 ,43,29.6 ,89 ,1734 
76622,https://www.allrecipes.com/recipe/76622/martinis-fruity-martini/,505 calories;,23.8 ,43,29.6 ,89 ,1734 
76623,https://www.allrecipes.com/recipe/76623/cajun-pork/,505 calories;,23.8 ,43,29.6 ,89 ,1734 
76624,https://www.allrecipes.com/recipe/76624/homestyle-turkey-with-sauce/,505 calories;,23.8 ,43,29.6 ,89 ,1734 
76625,https://www.allrecipes.com/recipe/76625/broccoli-cheese-pie/,271 calories;,18.7 ,16.3,10.7 ,118 ,647 
76626,https://www.allrecipes.com/recipe/76626/baked-ziti/,505 calories;,23.8 ,43,29.6 ,89 ,1734 
76627,https://www.allrecipes.com/recipe/76627/broccoli-cheese-pie-addendum/,505 calories;,23.8 ,43,29.6 ,89 ,1734 
76628,https://www.allrecipes.com/recipe/76628/white-chip-pumpkin-cake/,505 calories;,23.8 ,43,29.6 ,89 ,1734 
76629,https://www.allrecipes.com/recipe/76629/simple-southern-pear-salad/,505 calories;,23.8 ,43,29.6 ,89 ,1734 
76630,https://www.allrecipes.com/recipe/76630/carmel-fudge-cheesecake/,505 calories;,23.8 ,43,29.6 ,89 ,1734 
76631,https://www.allrecipes.com/recipe/76631/peanut-butterchocolate-pie/,505 calories;,23.8 ,43,29.6 ,89 ,1734 
76632,https://www.allrecipes.com/recipe/76632/swiss-chicken-duplicate-1042004-13513-am/,505 calories;,23.8 ,43,29.6 ,89 ,1734 
76633,https://www.allrecipes.com/recipe/76633/creamy-chicken-spaghetti-duplicate-1042004-13522-am/,505 calories;,23.8 ,43,29.6 ,89 ,1734 
76634,https://www.allrecipes.com/recipe/76634/cream-cheese-ricotta-lasagna/,505 calories;,23.8 ,43,29.6 ,89 ,1734 
76635,https://www.allrecipes.com/recipe/76635/the-real-sonora-chicken-pasta/,505 calories;,23.8 ,43,29.6 ,89 ,1734 
76636,https://www.allrecipes.com/recipe/76636/broccoli-and-rice-casserole-duplicate-1042004-13543-am/,505 calories;,23.8 ,43,29.6 ,89 ,1734 
76637,https://www.allrecipes.com/recipe/76637/perfect-lobster-bisque/,186 calories;,13 ,4.4,9.7 ,65 ,264 
76638,https://www.allrecipes.com/recipe/76638/aunt-almas-cauliflower-shrimp-ahoy/,299 calories;,16.7 ,19.1,20.6 ,139 ,929 
76639,https://www.allrecipes.com/recipe/76639/nannys-baked-macaroni-and-cheese/,505 calories;,23.8 ,43,29.6 ,89 ,1734 
76640,https://www.allrecipes.com/recipe/76640/cinnamon-nuts/,505 calories;,23.8 ,43,29.6 ,89 ,1734 
76641,https://www.allrecipes.com/recipe/76641/barbs-pecan-pie/,505 calories;,23.8 ,43,29.6 ,89 ,1734 
76642,https://www.allrecipes.com/recipe/76642/super-fast-microwave-tropical-chicken/,505 calories;,23.8 ,43,29.6 ,89 ,1734 
76643,https://www.allrecipes.com/recipe/76643/olivias-peanut-butter-sugar-cookies/,505 calories;,23.8 ,43,29.6 ,89 ,1734 
76644,https://www.allrecipes.com/recipe/76644/gingerbread-pancakes-healthy/,505 calories;,23.8 ,43,29.6 ,89 ,1734 
76645,https://www.allrecipes.com/recipe/76645/corn-souffle/,505 calories;,23.8 ,43,29.6 ,89 ,1734 
76646,https://www.allrecipes.com/recipe/76646/frijoles-a-la-charra/,353 calories;,13.8 ,39.8,16 ,19 ,741 
76647,https://www.allrecipes.com/recipe/76647/perfect-coconut-cream-pie/,505 calories;,23.8 ,43,29.6 ,89 ,1734 
76648,https://www.allrecipes.com/recipe/76648/avacado-pasta/,505 calories;,23.8 ,43,29.6 ,89 ,1734 
76649,https://www.allrecipes.com/recipe/76649/chicken-roll-ups/,505 calories;,23.8 ,43,29.6 ,89 ,1734 
76650,https://www.allrecipes.com/recipe/76650/apple-ugly-cake/,514 calories;,25.5 ,68.8,4.6 ,31 ,611 
76651,https://www.allrecipes.com/recipe/76651/macaroni-and-cheese-duplicate-1042004-13649-am/,505 calories;,23.8 ,43,29.6 ,89 ,1734 
76652,https://www.allrecipes.com/recipe/76652/mexican-spaghetti/,505 calories;,23.8 ,43,29.6 ,89 ,1734 
76653,https://www.allrecipes.com/recipe/76653/cajun-shrimp-duplicate-1042004-13658-am/,505 calories;,23.8 ,43,29.6 ,89 ,1734 
76654,https://www.allrecipes.com/recipe/76654/poutine/,298 calories;,18.6 ,21.6,11.9 ,40 ,759 
76655,https://www.allrecipes.com/recipe/76655/mandys-famous-lasagne/,505 calories;,23.8 ,43,29.6 ,89 ,1734 
76656,https://www.allrecipes.com/recipe/76656/sarahs-southwest-dip/,505 calories;,23.8 ,43,29.6 ,89 ,1734 
76657,https://www.allrecipes.com/recipe/76657/hot-broccoli-dip-duplicate-1042004-13713-am/,505 calories;,23.8 ,43,29.6 ,89 ,1734 
76658,https://www.allrecipes.com/recipe/76658/chicken-broccoli-casserole/,505 calories;,23.8 ,43,29.6 ,89 ,1734 
76659,https://www.allrecipes.com/recipe/76659/heavenly-halibut/,235 calories;,13.9 ,0.9,25.7 ,58 ,282 
76660,https://www.allrecipes.com/recipe/76660/spicy-stuffed-mushrooms/,505 calories;,23.8 ,43,29.6 ,89 ,1734 
76661,https://www.allrecipes.com/recipe/76661/fluffy-frosting-duplicate-1042004-13728-am/,505 calories;,23.8 ,43,29.6 ,89 ,1734 
76662,https://www.allrecipes.com/recipe/76662/mexican-mole-sauce/,88 calories;,3.8 ,13.7,2 ,0 ,753 
76663,https://www.allrecipes.com/recipe/76663/sweet-and-spicy-nuts/,192 calories;,12.5 ,21,1.4 ,0 ,120 
76664,https://www.allrecipes.com/recipe/76664/caesar-salad-in-crouton-cups/,118 calories;,5.3 ,14.1,3.2 ,5 ,451 
76665,https://www.allrecipes.com/recipe/76665/sugar-snap-pea-salad/,89 calories;,5.4 ,8.1,3 ,0 ,30 
76666,https://www.allrecipes.com/recipe/76666/greek-salad/,229 calories;,18.1 ,13.7,6.5 ,19 ,630 
76667,https://www.allrecipes.com/recipe/76667/simple-summer-cobb-salad/,604 calories;,51.3 ,13.3,27.6 ,103 ,440 
76668,https://www.allrecipes.com/recipe/76668/quick-and-easy-spinach-pie/,243 calories;,10.7 ,22.9,15.1 ,144 ,751 
76669,https://www.allrecipes.com/recipe/76669/peppered-steak-fajitas-with-tomato-lime-salsa/,1054 calories;,45.7 ,124.1,37.6 ,49 ,2304 
76670,https://www.allrecipes.com/recipe/76670/pork-tenderloin-in-mustard-marinade-with-cherry-compote/,566 calories;,29.6 ,59.4,18.4 ,64 ,657 
76671,https://www.allrecipes.com/recipe/76671/pain-perdu-with-apricot-sauce/,486 calories;,17.6 ,69.4,13.8 ,169 ,457 
76672,https://www.allrecipes.com/recipe/76672/cheese-blintzes/,104 calories;,4.6 ,8.9,6.2 ,51 ,422 
76673,https://www.allrecipes.com/recipe/76673/mushroom-quiche/,546 calories;,40.6 ,28.4,17.7 ,156 ,403 
76674,https://www.allrecipes.com/recipe/76674/cinnamon-apple-rolls/,662 calories;,34 ,87,7.1 ,2 ,560 
76675,https://www.allrecipes.com/recipe/76675/upside-down-caramel-pear-pie/,681 calories;,33.5 ,83.2,5.3 ,11 ,1489 
76676,https://www.allrecipes.com/recipe/76676/pecan-crusted-catfish-with-white-cheddar-grits/,1426 calories;,90.1 ,105.1,55.1 ,263 ,290 
76677,https://www.allrecipes.com/recipe/76677/chocolate-oatmeal-pecan-pie-with-flaky-yogurt-crust/,693 calories;,39.2 ,82.1,8.8 ,91 ,563 
76678,https://www.allrecipes.com/recipe/76678/chocolate-lovers-pie/,703 calories;,48.1 ,63.6,10 ,93 ,186 
76679,https://www.allrecipes.com/recipe/76679/caribbean-chicken-grill-with-pineapple-salad/,301 calories;,17 ,12.8,25.1 ,67 ,61 
76680,https://www.allrecipes.com/recipe/76680/pumpkin-soup-in-pumpkin-bowls/,267 calories;,11.1 ,42.6,6.7 ,4 ,836 
76681,https://www.allrecipes.com/recipe/76681/autumn-stew/,393 calories;,22.8 ,22,25.2 ,68 ,455 
76682,https://www.allrecipes.com/recipe/76682/criscos-pumpkin-pie/,382 calories;,24.7 ,35.8,5.1 ,87 ,326 
76683,https://www.allrecipes.com/recipe/76683/fall-harvest-oatmeal-cookies/,174 calories;,8.2 ,23.5,2.6 ,6 ,67 
76684,https://www.allrecipes.com/recipe/76684/fall-harvest-oatmeal-cookiesprovided-by-crisco-duplicate-1042004-20307-pm/,505 calories;,23.8 ,43,29.6 ,89 ,1734 
76685,https://www.allrecipes.com/recipe/76685/country-pot-roast/,607 calories;,30.5 ,50.3,32.4 ,103 ,716 
76686,https://www.allrecipes.com/recipe/76686/pan-seared-sea-bass-with-warm-spinach-salad/,492 calories;,29.9 ,10.5,46.8 ,101 ,866 
76687,https://www.allrecipes.com/recipe/76687/beef-and-broccoli-casserole/,505 calories;,23.8 ,43,29.6 ,89 ,1734 
76688,https://www.allrecipes.com/recipe/76688/evenin-news/,314 calories;,23 ,22.7,6.5 ,24 ,247 
76689,https://www.allrecipes.com/recipe/76689/chicken-tortilla-casserole-duplicate-1052004-13521-am/,505 calories;,23.8 ,43,29.6 ,89 ,1734 
76690,https://www.allrecipes.com/recipe/76690/bucket-of-margaritas/,,,,,,
76691,https://www.allrecipes.com/recipe/76691/darrells-sour-cream-salad-dressing/,505 calories;,23.8 ,43,29.6 ,89 ,1734 
76692,https://www.allrecipes.com/recipe/76692/singaporean-tender-pork-spare-ribs/,693 calories;,54 ,25.2,28.7 ,230 ,1292 
76693,https://www.allrecipes.com/recipe/76693/spanish-cod/,170 calories;,6.6 ,6.5,21.3 ,46 ,597 
76694,https://www.allrecipes.com/recipe/76694/spanish-cod-duplicate-1052004-13543-am/,505 calories;,23.8 ,43,29.6 ,89 ,1734 
76695,https://www.allrecipes.com/recipe/76695/herb-crusted-tuna-carpaccio/,505 calories;,23.8 ,43,29.6 ,89 ,1734 
76696,https://www.allrecipes.com/recipe/76696/marks-lo-carb-corn-muffins/,505 calories;,23.8 ,43,29.6 ,89 ,1734 
76697,https://www.allrecipes.com/recipe/76697/simple-garlic-and-basil-pesto/,234 calories;,23.9 ,1.9,3.7 ,4 ,70 
76698,https://www.allrecipes.com/recipe/76698/green-potatoes-duplicate-title-moved-from-site-1052004-113524-am/,505 calories;,23.8 ,43,29.6 ,89 ,1734 
76699,https://www.allrecipes.com/recipe/76699/crispy-fried-chicken-wingss/,505 calories;,23.8 ,43,29.6 ,89 ,1734 
76700,https://www.allrecipes.com/recipe/76700/worlds-best-grilled-cheese/,505 calories;,23.8 ,43,29.6 ,89 ,1734 
76701,https://www.allrecipes.com/recipe/76701/fork-taco/,505 calories;,23.8 ,43,29.6 ,89 ,1734 
76702,https://www.allrecipes.com/recipe/76702/garlic-delicata/,120 calories;,6.8 ,13.9,2.1 ,0 ,2 
76703,https://www.allrecipes.com/recipe/76703/hot-cinnamon-peanut-brittle/,133 calories;,4.8 ,22.4,2.2 ,< 1 ,87 
76704,https://www.allrecipes.com/recipe/76704/strawberry-cheesecake/,505 calories;,23.8 ,43,29.6 ,89 ,1734 
76705,https://www.allrecipes.com/recipe/76705/wonderful-short-ribs/,531 calories;,42 ,15.3,23.5 ,93 ,1551 
76706,https://www.allrecipes.com/recipe/76706/applesauce-meatballs/,519 calories;,20.2 ,56.9,28.3 ,104 ,1086 
76707,https://www.allrecipes.com/recipe/76707/strawberry-cheesecake-duplicate-1052004-13643-am/,505 calories;,23.8 ,43,29.6 ,89 ,1734 
76708,https://www.allrecipes.com/recipe/76708/cheesy-potatoes-duplicate-1052004-13651-am/,505 calories;,23.8 ,43,29.6 ,89 ,1734 
76709,https://www.allrecipes.com/recipe/76709/strawberry-snowball-cake/,505 calories;,23.8 ,43,29.6 ,89 ,1734 
76710,https://www.allrecipes.com/recipe/76710/aprils-best-cheese-soup/,505 calories;,23.8 ,43,29.6 ,89 ,1734 
76711,https://www.allrecipes.com/recipe/76711/chicken-curry-duplicate-1052004-13701-am/,505 calories;,23.8 ,43,29.6 ,89 ,1734 
76712,https://www.allrecipes.com/recipe/76712/chicken-and-green-bean-casserole/,571 calories;,44.3 ,14.2,28.8 ,87 ,1520 
76713,https://www.allrecipes.com/recipe/76713/norwegian-potato-klub/,553 calories;,13.3 ,94.1,14.7 ,19 ,1071 
76714,https://www.allrecipes.com/recipe/76714/venison-vegetable-soup/,505 calories;,23.8 ,43,29.6 ,89 ,1734 
76715,https://www.allrecipes.com/recipe/76715/margurite-ellefsons-potato-salad/,505 calories;,23.8 ,43,29.6 ,89 ,1734 
76716,https://www.allrecipes.com/recipe/76716/custard-ice-cream-base/,505 calories;,23.8 ,43,29.6 ,89 ,1734 
76717,https://www.allrecipes.com/recipe/76717/oven-ribs/,499 calories;,34.7 ,16.6,29.5 ,120 ,540 
76718,https://www.allrecipes.com/recipe/76718/oven-ribs-duplicate-1052004-13723-am/,505 calories;,23.8 ,43,29.6 ,89 ,1734 
76719,https://www.allrecipes.com/recipe/76719/3-step-peanut-butter-cookies/,505 calories;,23.8 ,43,29.6 ,89 ,1734 
76720,https://www.allrecipes.com/recipe/76720/scrumptious-scalloped-corn/,505 calories;,23.8 ,43,29.6 ,89 ,1734 
76721,https://www.allrecipes.com/recipe/76721/like-mac-ncheeselike-pizza-youll-love-this/,505 calories;,23.8 ,43,29.6 ,89 ,1734 
76722,https://www.allrecipes.com/recipe/76722/student-pasta/,505 calories;,23.8 ,43,29.6 ,89 ,1734 
76723,https://www.allrecipes.com/recipe/76723/irish-stew-my-way/,424 calories;,14.7 ,46.1,24.9 ,61 ,334 
76724,https://www.allrecipes.com/recipe/76724/a-berry-nice-smoothie/,505 calories;,23.8 ,43,29.6 ,89 ,1734 
76725,https://www.allrecipes.com/recipe/76725/artichoke-and-feta-cheese-dip/,505 calories;,23.8 ,43,29.6 ,89 ,1734 
76726,https://www.allrecipes.com/recipe/76726/nova-scotia-apple-crisp/,505 calories;,23.8 ,43,29.6 ,89 ,1734 
76727,https://www.allrecipes.com/recipe/76727/easy-elegant-vadalia-onion-dip/,505 calories;,23.8 ,43,29.6 ,89 ,1734 
76728,https://www.allrecipes.com/recipe/76728/rice-cooker-melange/,505 calories;,23.8 ,43,29.6 ,89 ,1734 
76729,https://www.allrecipes.com/recipe/76729/moms-macaroni-and-cheese/,505 calories;,23.8 ,43,29.6 ,89 ,1734 
76730,https://www.allrecipes.com/recipe/76730/pretzel-dip-duplicate-1062004-13551-am/,505 calories;,23.8 ,43,29.6 ,89 ,1734 
76731,https://www.allrecipes.com/recipe/76731/healthy-chocolate-chip-cookies/,505 calories;,23.8 ,43,29.6 ,89 ,1734 
76732,https://www.allrecipes.com/recipe/76732/tcs-chicken-recipe/,505 calories;,23.8 ,43,29.6 ,89 ,1734 
76733,https://www.allrecipes.com/recipe/76733/tator-tot-casserole-duplicate-1062004-13601-am/,505 calories;,23.8 ,43,29.6 ,89 ,1734 
76734,https://www.allrecipes.com/recipe/76734/no-bake-butterscotch-haystacks/,505 calories;,23.8 ,43,29.6 ,89 ,1734 
76735,https://www.allrecipes.com/recipe/76735/chicken-sofrito/,505 calories;,23.8 ,43,29.6 ,89 ,1734 
76736,https://www.allrecipes.com/recipe/76736/veggie-stir-fry/,505 calories;,23.8 ,43,29.6 ,89 ,1734 
76737,https://www.allrecipes.com/recipe/76737/chicken-sofrito-duplicate-1062004-13614-am/,505 calories;,23.8 ,43,29.6 ,89 ,1734 
76738,https://www.allrecipes.com/recipe/76738/loulous-stuffed-shrooms/,505 calories;,23.8 ,43,29.6 ,89 ,1734 
76739,https://www.allrecipes.com/recipe/76739/hamburger-buns/,144 calories;,2.5 ,26,4 ,2 ,216 
76740,https://www.allrecipes.com/recipe/76740/apple-cider-vinaigrette/,505 calories;,23.8 ,43,29.6 ,89 ,1734 
76741,https://www.allrecipes.com/recipe/76741/tinas-sausage-soup/,505 calories;,23.8 ,43,29.6 ,89 ,1734 
76742,https://www.allrecipes.com/recipe/76742/dumpling-dipping-sauce/,505 calories;,23.8 ,43,29.6 ,89 ,1734 
76743,https://www.allrecipes.com/recipe/76743/katies-spinach-pie/,505 calories;,23.8 ,43,29.6 ,89 ,1734 
76744,https://www.allrecipes.com/recipe/76744/katies-no-bake-cookies/,505 calories;,23.8 ,43,29.6 ,89 ,1734 
76745,https://www.allrecipes.com/recipe/76745/katies-cornbread/,505 calories;,23.8 ,43,29.6 ,89 ,1734 
76746,https://www.allrecipes.com/recipe/76746/katies-crab-appetizers/,505 calories;,23.8 ,43,29.6 ,89 ,1734 
76747,https://www.allrecipes.com/recipe/76747/katies-polish-potato-pancakes/,505 calories;,23.8 ,43,29.6 ,89 ,1734 
76748,https://www.allrecipes.com/recipe/76748/katies-french-crepes/,505 calories;,23.8 ,43,29.6 ,89 ,1734 
76749,https://www.allrecipes.com/recipe/76749/katies-banana-pudding/,505 calories;,23.8 ,43,29.6 ,89 ,1734 
76750,https://www.allrecipes.com/recipe/76750/mashed-potatoes/,505 calories;,23.8 ,43,29.6 ,89 ,1734 
76751,https://www.allrecipes.com/recipe/76751/pb-jam-wrap/,505 calories;,23.8 ,43,29.6 ,89 ,1734 
76752,https://www.allrecipes.com/recipe/76752/the-best-jalepeno-poppers/,505 calories;,23.8 ,43,29.6 ,89 ,1734 
76753,https://www.allrecipes.com/recipe/76753/alfredo-sauce-duplicate-1062004-13719-am/,505 calories;,23.8 ,43,29.6 ,89 ,1734 
76754,https://www.allrecipes.com/recipe/76754/california-joes-special/,505 calories;,23.8 ,43,29.6 ,89 ,1734 
76755,https://www.allrecipes.com/recipe/76755/mascarpone/,207 calories;,22 ,2,1.2 ,82 ,23 
76756,https://www.allrecipes.com/recipe/76756/holy-guacamole/,505 calories;,23.8 ,43,29.6 ,89 ,1734 
76757,https://www.allrecipes.com/recipe/76757/cheesy-chicken-casserole/,505 calories;,23.8 ,43,29.6 ,89 ,1734 
76758,https://www.allrecipes.com/recipe/76758/tims-rice-balls/,505 calories;,23.8 ,43,29.6 ,89 ,1734 
76759,https://www.allrecipes.com/recipe/76759/rice-bars/,505 calories;,23.8 ,43,29.6 ,89 ,1734 
76760,https://www.allrecipes.com/recipe/76760/bubbe-zlatas-chicken-soup/,505 calories;,23.8 ,43,29.6 ,89 ,1734 
76761,https://www.allrecipes.com/recipe/76761/caribbean-callaloo-and-crab/,259 calories;,23.2 ,8.8,7.9 ,22 ,47 
76762,https://www.allrecipes.com/recipe/76762/kerrys-turkey-chili/,505 calories;,23.8 ,43,29.6 ,89 ,1734 
76763,https://www.allrecipes.com/recipe/76763/mediterranean-salmon/,391 calories;,35.2 ,3.6,15 ,42 ,725 
76764,https://www.allrecipes.com/recipe/76764/barbie-butterfly-cakes/,505 calories;,23.8 ,43,29.6 ,89 ,1734 
76765,https://www.allrecipes.com/recipe/76765/gingerbread-trees/,505 calories;,23.8 ,43,29.6 ,89 ,1734 
76766,https://www.allrecipes.com/recipe/76766/flan-de-queso/,505 calories;,23.8 ,43,29.6 ,89 ,1734 
76767,https://www.allrecipes.com/recipe/76767/mexican-casserole-duplicate-1072004-13545-am/,505 calories;,23.8 ,43,29.6 ,89 ,1734 
76768,https://www.allrecipes.com/recipe/76768/homade-flour-tortillas/,505 calories;,23.8 ,43,29.6 ,89 ,1734 
76769,https://www.allrecipes.com/recipe/76769/ultimate-chicken-cordon-bleusaltimbocca/,505 calories;,23.8 ,43,29.6 ,89 ,1734 
76770,https://www.allrecipes.com/recipe/76770/spicy-garlic-mayonnaise-dip/,505 calories;,23.8 ,43,29.6 ,89 ,1734 
76771,https://www.allrecipes.com/recipe/76771/mexican-dorito-pie/,505 calories;,23.8 ,43,29.6 ,89 ,1734 
76772,https://www.allrecipes.com/recipe/76772/kartoffel-salad/,505 calories;,23.8 ,43,29.6 ,89 ,1734 
76773,https://www.allrecipes.com/recipe/76773/low-carb-praline-pumpkin-pie/,505 calories;,23.8 ,43,29.6 ,89 ,1734 
76774,https://www.allrecipes.com/recipe/76774/creamy-baked-chicken-thighs/,505 calories;,23.8 ,43,29.6 ,89 ,1734 
76775,https://www.allrecipes.com/recipe/76775/greek-squid-soupies/,446 calories;,20.3 ,11.9,31.7 ,0 ,17 
76776,https://www.allrecipes.com/recipe/76776/lemon-oven-roasted-potatoes/,505 calories;,23.8 ,43,29.6 ,89 ,1734 
76777,https://www.allrecipes.com/recipe/76777/bacon-avocado-and-cheese-omelet/,661 calories;,52.3 ,11.9,37.4 ,444 ,1285 
76778,https://www.allrecipes.com/recipe/76778/slow-cook-thai-chicken/,408 calories;,23.3 ,18.3,35 ,61 ,1118 
76779,https://www.allrecipes.com/recipe/76779/thai-red-curry/,505 calories;,23.8 ,43,29.6 ,89 ,1734 
76780,https://www.allrecipes.com/recipe/76780/double-decadence-chocolate-cake/,755 calories;,39.1 ,104.7,9.3 ,75 ,549 
76781,https://www.allrecipes.com/recipe/76781/peanut-butter-bars-duplicate-1072004-13651-am/,505 calories;,23.8 ,43,29.6 ,89 ,1734 
76782,https://www.allrecipes.com/recipe/76782/double-peanut-snack-mix-ii/,505 calories;,23.8 ,43,29.6 ,89 ,1734 
76783,https://www.allrecipes.com/recipe/76783/jif-peanut-butter-granola/,284 calories;,11.3 ,42,8 ,0 ,54 
76784,https://www.allrecipes.com/recipe/76784/fantastic-french-toast/,586 calories;,30.7 ,64.7,18.1 ,147 ,456 
76785,https://www.allrecipes.com/recipe/76785/peanut-butter-puffs/,188 calories;,7.9 ,25.2,5.2 ,20 ,199 
76786,https://www.allrecipes.com/recipe/76786/easy-peanut-pasta-twists/,820 calories;,34.1 ,103.9,30.6 ,0 ,863 
76787,https://www.allrecipes.com/recipe/76787/easy-peanut-pasta-twists-provided-by-jif-duplicate-1072004-13716-am/,505 calories;,23.8 ,43,29.6 ,89 ,1734 
76788,https://www.allrecipes.com/recipe/76788/grilled-salmon-with-peanut-hoisin-sauce/,545 calories;,33.4 ,24.4,38.6 ,84 ,746 
76789,https://www.allrecipes.com/recipe/76789/peanut-vegetable-curry-wraps/,380 calories;,17.5 ,46.5,11.5 ,< 1 ,639 
76790,https://www.allrecipes.com/recipe/76790/peanut-butter-logs/,433 calories;,28.1 ,38.7,13.1 ,8 ,232 
76791,https://www.allrecipes.com/recipe/76791/creole-black-eyed-peas-and-rice/,388 calories;,10.4 ,48.7,24.1 ,50 ,721 
76792,https://www.allrecipes.com/recipe/76792/alfredo-sauce-duplicate-1072004-13739-am/,505 calories;,23.8 ,43,29.6 ,89 ,1734 
76793,https://www.allrecipes.com/recipe/76793/pizza-pouches/,505 calories;,23.8 ,43,29.6 ,89 ,1734 
76794,https://www.allrecipes.com/recipe/76794/angel-food-fruit-salad/,505 calories;,23.8 ,43,29.6 ,89 ,1734 
76795,https://www.allrecipes.com/recipe/76795/low-fat-apple-crisp/,505 calories;,23.8 ,43,29.6 ,89 ,1734 
76796,https://www.allrecipes.com/recipe/76796/quick-and-easy-chicken-cacciatore/,505 calories;,23.8 ,43,29.6 ,89 ,1734 
76797,https://www.allrecipes.com/recipe/76797/easy-turkey-spinach-enchiladas/,505 calories;,23.8 ,43,29.6 ,89 ,1734 
76798,https://www.allrecipes.com/recipe/76798/caramel-martini/,,,,,,
76799,https://www.allrecipes.com/recipe/76799/candy-cane-martini/,,,,,,
76800,https://www.allrecipes.com/recipe/76800/frosty-martini/,505 calories;,23.8 ,43,29.6 ,89 ,1734 
76801,https://www.allrecipes.com/recipe/76801/bellini-meanie-martini/,,,,,,
76802,https://www.allrecipes.com/recipe/76802/astro-pop-martini/,505 calories;,23.8 ,43,29.6 ,89 ,1734 
76803,https://www.allrecipes.com/recipe/76803/maui-martini/,,,,,,
76804,https://www.allrecipes.com/recipe/76804/carmel-apple-martini/,,,,,,
76805,https://www.allrecipes.com/recipe/76805/bottlecap-martini/,505 calories;,23.8 ,43,29.6 ,89 ,1734 
76806,https://www.allrecipes.com/recipe/76806/thai-inspired-chicken-and-vegetable-soup/,505 calories;,23.8 ,43,29.6 ,89 ,1734 
76807,https://www.allrecipes.com/recipe/76807/lavatini/,,,,,,
76808,https://www.allrecipes.com/recipe/76808/italian-sausage-peppers-and-onions/,461 calories;,39.4 ,7,17.1 ,96 ,857 
76809,https://www.allrecipes.com/recipe/76809/rudolph-tini/,,,,,,
76810,https://www.allrecipes.com/recipe/76810/montigott/,447 calories;,16.6 ,44.4,32.4 ,80 ,1481 
76811,https://www.allrecipes.com/recipe/76811/lemon-dill-rice/,222 calories;,4.9 ,40.3,3.8 ,11 ,1782 
76812,https://www.allrecipes.com/recipe/76812/lemony-chicken-and-linguini/,505 calories;,23.8 ,43,29.6 ,89 ,1734 
76813,https://www.allrecipes.com/recipe/76813/brownie-cheesecake-bars/,505 calories;,23.8 ,43,29.6 ,89 ,1734 
76814,https://www.allrecipes.com/recipe/76814/ellens-cabbage-rolls/,505 calories;,23.8 ,43,29.6 ,89 ,1734 
76815,https://www.allrecipes.com/recipe/76815/filled-butterhorn-cookies/,505 calories;,23.8 ,43,29.6 ,89 ,1734 
76816,https://www.allrecipes.com/recipe/76816/chicken-mozzarella-show-off/,505 calories;,23.8 ,43,29.6 ,89 ,1734 
76817,https://www.allrecipes.com/recipe/76817/pumkin-soup/,505 calories;,23.8 ,43,29.6 ,89 ,1734 
76818,https://www.allrecipes.com/recipe/76818/spaghetti-pie-duplicate-1082004-13646-am/,505 calories;,23.8 ,43,29.6 ,89 ,1734 
76819,https://www.allrecipes.com/recipe/76819/the-best-lemon-meringue-pie-ever/,505 calories;,23.8 ,43,29.6 ,89 ,1734 
76820,https://www.allrecipes.com/recipe/76820/sixty-second-smores/,505 calories;,23.8 ,43,29.6 ,89 ,1734 
76821,https://www.allrecipes.com/recipe/76821/mini-sweet-potato-pies/,69 calories;,2.5 ,10.3,1.5 ,< 1 ,58 
76822,https://www.allrecipes.com/recipe/76822/grandmas-drop-sugar-cookies/,505 calories;,23.8 ,43,29.6 ,89 ,1734 
76823,https://www.allrecipes.com/recipe/76823/delicous-peanut-butter-cookies/,505 calories;,23.8 ,43,29.6 ,89 ,1734 
76824,https://www.allrecipes.com/recipe/76824/pinwheel-lasagna/,505 calories;,23.8 ,43,29.6 ,89 ,1734 
76825,https://www.allrecipes.com/recipe/76825/heidelberg-popovers/,505 calories;,23.8 ,43,29.6 ,89 ,1734 
76826,https://www.allrecipes.com/recipe/76826/mexican-dips/,505 calories;,23.8 ,43,29.6 ,89 ,1734 
76827,https://www.allrecipes.com/recipe/76827/pot-roast-giuseppe/,505 calories;,23.8 ,43,29.6 ,89 ,1734 
76828,https://www.allrecipes.com/recipe/76828/jumbo-mm-oatmeal-cookies/,505 calories;,23.8 ,43,29.6 ,89 ,1734 
76829,https://www.allrecipes.com/recipe/76829/caesar-salad-in-crouton-cups/,119 calories;,5.4 ,14.1,3.4 ,5 ,458 
76830,https://www.allrecipes.com/recipe/76830/bbq-peanut-butter-chicken/,367 calories;,17.8 ,9.3,40.5 ,82 ,665 
76831,https://www.allrecipes.com/recipe/76831/peanut-crumb-apple-pie/,481 calories;,21.5 ,67,6.7 ,15 ,341 
76832,https://www.allrecipes.com/recipe/76832/peanut-butter-crunch-bars/,265 calories;,15.2 ,30.9,4.2 ,8 ,102 
76833,https://www.allrecipes.com/recipe/76833/raspberry-mushroom-kabobs/,79 calories;,0.2 ,19.8,0.8 ,0 ,6 
76834,https://www.allrecipes.com/recipe/76834/spiced-sweet-potatoes/,347 calories;,0.2 ,84.9,3.6 ,0 ,270 
76835,https://www.allrecipes.com/recipe/76835/strawberry-shake/,463 calories;,4.2 ,97.1,14.2 ,15 ,175 
76836,https://www.allrecipes.com/recipe/76836/summer-delight-salad/,270 calories;,0.7 ,67.4,2.6 ,0 ,36 
76837,https://www.allrecipes.com/recipe/76837/raspberry-breakfast-braid/,217 calories;,9.5 ,31.5,2.3 ,19 ,304 
76838,https://www.allrecipes.com/recipe/76838/apple-glazed-pork-chops/,248 calories;,3.3 ,33.9,21 ,61 ,46 
76839,https://www.allrecipes.com/recipe/76839/apricot-glazed-spareribs/,975 calories;,62.5 ,43.2,58.1 ,240 ,542 
76840,https://www.allrecipes.com/recipe/76840/blueberry-coffee-cake/,305 calories;,11.4 ,47.8,4.2 ,44 ,304 
76841,https://www.allrecipes.com/recipe/76841/peanut-butter-and-jelly-oat-bars/,429 calories;,18.2 ,61.4,6.3 ,0 ,302 
76842,https://www.allrecipes.com/recipe/76842/vegetable-melange/,51 calories;,0.4 ,10.1,3 ,< 1 ,272 
76843,https://www.allrecipes.com/recipe/76843/apricot-lemon-sole/,232 calories;,2.6 ,26.9,23.7 ,101 ,413 
76844,https://www.allrecipes.com/recipe/76844/sweet-and-sour-chicken-stir-fry/,672 calories;,30.3 ,66.2,34.7 ,66 ,691 
76845,https://www.allrecipes.com/recipe/76845/corys-summer-salad/,505 calories;,23.8 ,43,29.6 ,89 ,1734 
76846,https://www.allrecipes.com/recipe/76846/zesty-chicken-and-potatoes/,333 calories;,9.9 ,41.1,18.5 ,59 ,558 
76847,https://www.allrecipes.com/recipe/76847/try-it-youll-like-it-kraut-casserole/,140 calories;,6.7 ,12.5,7.1 ,23 ,719 
76848,https://www.allrecipes.com/recipe/76848/choclate-iced-coffee/,505 calories;,23.8 ,43,29.6 ,89 ,1734 
76849,https://www.allrecipes.com/recipe/76849/delicious-pork-roast/,505 calories;,23.8 ,43,29.6 ,89 ,1734 
76850,https://www.allrecipes.com/recipe/76850/leftover-ham-soup/,505 calories;,23.8 ,43,29.6 ,89 ,1734 
76851,https://www.allrecipes.com/recipe/76851/apple-pietini/,505 calories;,23.8 ,43,29.6 ,89 ,1734 
76852,https://www.allrecipes.com/recipe/76852/unique-spread-for-veggies/,505 calories;,23.8 ,43,29.6 ,89 ,1734 
76853,https://www.allrecipes.com/recipe/76853/pizza-meatloaf-duplicate-1092004-13542-am/,505 calories;,23.8 ,43,29.6 ,89 ,1734 
76854,https://www.allrecipes.com/recipe/76854/baked-orange-roughy-with-veggies/,505 calories;,23.8 ,43,29.6 ,89 ,1734 
76855,https://www.allrecipes.com/recipe/76855/marzis-beef-or-venison-stew/,505 calories;,23.8 ,43,29.6 ,89 ,1734 
76856,https://www.allrecipes.com/recipe/76856/shrimp-clams-and-scallops-pasta/,450 calories;,6.5 ,59.2,36.8 ,130 ,938 
76857,https://www.allrecipes.com/recipe/76857/christmas-cinnamon-pears/,156 calories;,0.2 ,39.9,0.9 ,0 ,13 
76858,https://www.allrecipes.com/recipe/76858/pork-and-cabbage-soup/,438 calories;,30.9 ,27.4,13.4 ,52 ,893 
76859,https://www.allrecipes.com/recipe/76859/sauteed-chiken-provencal/,505 calories;,23.8 ,43,29.6 ,89 ,1734 
76860,https://www.allrecipes.com/recipe/76860/palatable-chicken-with-wine-mushrooms/,505 calories;,23.8 ,43,29.6 ,89 ,1734 
76861,https://www.allrecipes.com/recipe/76861/chicken-spring-rolls-duplicate-1092004-13623-am/,505 calories;,23.8 ,43,29.6 ,89 ,1734 
76862,https://www.allrecipes.com/recipe/76862/chicken-spring-rolls-duplicate-1092004-13629-am/,505 calories;,23.8 ,43,29.6 ,89 ,1734 
76863,https://www.allrecipes.com/recipe/76863/deli-roll-ups/,505 calories;,23.8 ,43,29.6 ,89 ,1734 
76864,https://www.allrecipes.com/recipe/76864/chicken-pocket-breads/,505 calories;,23.8 ,43,29.6 ,89 ,1734 
76865,https://www.allrecipes.com/recipe/76865/chicken-brunswick-stew/,505 calories;,23.8 ,43,29.6 ,89 ,1734 
76866,https://www.allrecipes.com/recipe/76866/5-layer-taco-dip/,505 calories;,23.8 ,43,29.6 ,89 ,1734 
76867,https://www.allrecipes.com/recipe/76867/cheaters-cheesy-potatoes/,505 calories;,23.8 ,43,29.6 ,89 ,1734 
76868,https://www.allrecipes.com/recipe/76868/ranch-celery-sticks/,505 calories;,23.8 ,43,29.6 ,89 ,1734 
76869,https://www.allrecipes.com/recipe/76869/spicy-chicken-curry-soup/,604 calories;,56 ,14.3,30.9 ,62 ,918 
76870,https://www.allrecipes.com/recipe/76870/fluffy-corn-spoon-bread/,505 calories;,23.8 ,43,29.6 ,89 ,1734 
76871,https://www.allrecipes.com/recipe/76871/great-grandmas-jello-cake/,505 calories;,23.8 ,43,29.6 ,89 ,1734 
76872,https://www.allrecipes.com/recipe/76872/great-grandmas-jello-cake-duplicate-10102004-13527-am/,505 calories;,23.8 ,43,29.6 ,89 ,1734 
76873,https://www.allrecipes.com/recipe/76873/great-grandmas-jello-cake-duplicate-10102004-13531-am/,505 calories;,23.8 ,43,29.6 ,89 ,1734 
76874,https://www.allrecipes.com/recipe/76874/orange-crush-cake/,505 calories;,23.8 ,43,29.6 ,89 ,1734 
76875,https://www.allrecipes.com/recipe/76875/creamy-cucumber-brussels-sprouts/,172 calories;,12.9 ,11.5,4.3 ,35 ,127 
76876,https://www.allrecipes.com/recipe/76876/creamed-brussells-sprouts-duplicate-10102004-13544-am/,505 calories;,23.8 ,43,29.6 ,89 ,1734 
76877,https://www.allrecipes.com/recipe/76877/ojs-creme-juice/,505 calories;,23.8 ,43,29.6 ,89 ,1734 
76878,https://www.allrecipes.com/recipe/76878/christmas-fruitcakes/,505 calories;,23.8 ,43,29.6 ,89 ,1734 
76879,https://www.allrecipes.com/recipe/76879/not-yo-mamas-banana-pudding/,505 calories;,23.8 ,43,29.6 ,89 ,1734 
76880,https://www.allrecipes.com/recipe/76880/veggie-pesto-soup/,134 calories;,1.7 ,27.5,3.9 ,0 ,72 
76881,https://www.allrecipes.com/recipe/76881/debs-baked-parmesan-chicken-with-marinara-sauce-and-noodles/,505 calories;,23.8 ,43,29.6 ,89 ,1734 
76882,https://www.allrecipes.com/recipe/76882/lower-fat-oatmeal-raisin-cookies/,505 calories;,23.8 ,43,29.6 ,89 ,1734 
76883,https://www.allrecipes.com/recipe/76883/berry-bonanza-smoothie/,505 calories;,23.8 ,43,29.6 ,89 ,1734 
76884,https://www.allrecipes.com/recipe/76884/mesican-breakfast-burritos/,505 calories;,23.8 ,43,29.6 ,89 ,1734 
76885,https://www.allrecipes.com/recipe/76885/pumpkin-oatmeal-cookies/,505 calories;,23.8 ,43,29.6 ,89 ,1734 
76886,https://www.allrecipes.com/recipe/76886/moist-7up-cake/,505 calories;,23.8 ,43,29.6 ,89 ,1734 
76887,https://www.allrecipes.com/recipe/76887/easy-cabbage-soup/,505 calories;,23.8 ,43,29.6 ,89 ,1734 
76888,https://www.allrecipes.com/recipe/76888/cherry-power-protein-shake/,505 calories;,23.8 ,43,29.6 ,89 ,1734 
76889,https://www.allrecipes.com/recipe/76889/almond-brittle/,505 calories;,23.8 ,43,29.6 ,89 ,1734 
76890,https://www.allrecipes.com/recipe/76890/passover-lemon-bars/,505 calories;,23.8 ,43,29.6 ,89 ,1734 
76891,https://www.allrecipes.com/recipe/76891/chocolate-banana-milkshake/,505 calories;,23.8 ,43,29.6 ,89 ,1734 
76892,https://www.allrecipes.com/recipe/76892/hobo-hoagies/,505 calories;,23.8 ,43,29.6 ,89 ,1734 
76893,https://www.allrecipes.com/recipe/76893/bbc/,505 calories;,23.8 ,43,29.6 ,89 ,1734 
76894,https://www.allrecipes.com/recipe/76894/stuffed-shells-duplicate-10112004-13509-am/,505 calories;,23.8 ,43,29.6 ,89 ,1734 
76895,https://www.allrecipes.com/recipe/76895/pan-seared-chicken-breasts-with-shallots/,292 calories;,15.8 ,5.5,27.3 ,95 ,188 
76896,https://www.allrecipes.com/recipe/76896/rolled-steak/,505 calories;,23.8 ,43,29.6 ,89 ,1734 
76897,https://www.allrecipes.com/recipe/76897/pangalactic-gargleblaster/,,,,,,
76898,https://www.allrecipes.com/recipe/76898/crpes/,505 calories;,23.8 ,43,29.6 ,89 ,1734 
76899,https://www.allrecipes.com/recipe/76899/slow-cooker-thanksgiving-turkey/,382 calories;,15.6 ,2.6,54.2 ,139 ,379 
76900,https://www.allrecipes.com/recipe/76900/yummy-fruit-dip/,505 calories;,23.8 ,43,29.6 ,89 ,1734 
76901,https://www.allrecipes.com/recipe/76901/turkish-delight-ice-cream/,505 calories;,23.8 ,43,29.6 ,89 ,1734 
76902,https://www.allrecipes.com/recipe/76902/italian-sausage-soup-ii/,365 calories;,21.8 ,27.3,14.2 ,43 ,637 
76903,https://www.allrecipes.com/recipe/76903/beef-and-roasted-red-pepper-sandwiches/,786 calories;,29.1 ,78.1,49.7 ,115 ,3647 
76904,https://www.allrecipes.com/recipe/76904/miss-jeans-chicken-tortillas/,505 calories;,23.8 ,43,29.6 ,89 ,1734 
76905,https://www.allrecipes.com/recipe/76905/homemade-cheese-paneer/,505 calories;,23.8 ,43,29.6 ,89 ,1734 
76906,https://www.allrecipes.com/recipe/76906/ultimate-chocolate-cookie-recepie/,505 calories;,23.8 ,43,29.6 ,89 ,1734 
76907,https://www.allrecipes.com/recipe/76907/carrot-oatmeal-muffins/,294 calories;,15.4 ,37.4,3.6 ,35 ,240 
76908,https://www.allrecipes.com/recipe/76908/two-cheese-bacon-omelet/,505 calories;,23.8 ,43,29.6 ,89 ,1734 
76909,https://www.allrecipes.com/recipe/76909/rebeccas-applesauce/,505 calories;,23.8 ,43,29.6 ,89 ,1734 
76910,https://www.allrecipes.com/recipe/76910/company-broccoli-casserole/,505 calories;,23.8 ,43,29.6 ,89 ,1734 
76911,https://www.allrecipes.com/recipe/76911/creamiest-yet-rice-pudding/,505 calories;,23.8 ,43,29.6 ,89 ,1734 
76912,https://www.allrecipes.com/recipe/76912/red-lentil-delight/,505 calories;,23.8 ,43,29.6 ,89 ,1734 
76913,https://www.allrecipes.com/recipe/76913/crab-spread/,505 calories;,23.8 ,43,29.6 ,89 ,1734 
76914,https://www.allrecipes.com/recipe/76914/the-best-ever-ribs/,505 calories;,23.8 ,43,29.6 ,89 ,1734 
76915,https://www.allrecipes.com/recipe/76915/the-kids-ll-even-loveem-pork-chops/,505 calories;,23.8 ,43,29.6 ,89 ,1734 
76916,https://www.allrecipes.com/recipe/76916/the-kids-ll-even-loveem-pork-chops-duplicate-10112004-13636-am/,505 calories;,23.8 ,43,29.6 ,89 ,1734 
76917,https://www.allrecipes.com/recipe/76917/easy-oniony-cheese-ball/,138 calories;,12.4 ,2.2,5.4 ,27 ,245 
76918,https://www.allrecipes.com/recipe/76918/ambers-ginger-snaps/,505 calories;,23.8 ,43,29.6 ,89 ,1734 
76919,https://www.allrecipes.com/recipe/76919/fresh-corn-salsa/,505 calories;,23.8 ,43,29.6 ,89 ,1734 
76920,https://www.allrecipes.com/recipe/76920/pina-colada-smoothie-duplicate-10112004-13650-am/,505 calories;,23.8 ,43,29.6 ,89 ,1734 
76921,https://www.allrecipes.com/recipe/76921/ricks-family-oyster-stuffing-recipe/,505 calories;,23.8 ,43,29.6 ,89 ,1734 
76922,https://www.allrecipes.com/recipe/76922/quick-classic-gazpacho/,85 calories;,4.6 ,8.1,1.7 ,0 ,215 
76923,https://www.allrecipes.com/recipe/76923/instant-strawberry-ice-cream/,289 calories;,16.6 ,37.1,1.4 ,61 ,19 
76924,https://www.allrecipes.com/recipe/76924/meringue-cake-with-whipped-cream-and-raspberries/,283 calories;,17.8 ,29.7,2.7 ,65 ,41 
76925,https://www.allrecipes.com/recipe/76925/tomato-rosemary-pan-sauce/,70 calories;,3.1 ,6.6,1.1 ,8 ,188 
76926,https://www.allrecipes.com/recipe/76926/baked-pita-triangles/,21 calories;,0.1 ,4.2,0.7 ,0 ,40 
76927,https://www.allrecipes.com/recipe/76927/salmon-hash-with-potatoes-dill/,486 calories;,26.2 ,36,26.6 ,67 ,257 
76928,https://www.allrecipes.com/recipe/76928/crab-hash-with-old-bay-basil/,360 calories;,14.9 ,36.6,21.7 ,62 ,863 
76929,https://www.allrecipes.com/recipe/76929/chili-with-pulled-beef-pork-for-a-crowd/,448 calories;,26.5 ,30.1,25.4 ,72 ,624 
76930,https://www.allrecipes.com/recipe/76930/orange-pudding-cakes-with-marmalade-drizzle/,220 calories;,6 ,36.9,4.7 ,103 ,77 
76931,https://www.allrecipes.com/recipe/76931/apple-cranberry-crostada/,396 calories;,17.7 ,59.7,3.8 ,19 ,128 
76932,https://www.allrecipes.com/recipe/76932/twice-baked-sweet-potatoes-with-mini-marshmallows/,169 calories;,6.1 ,26.5,2.5 ,16 ,195 
76933,https://www.allrecipes.com/recipe/76933/savory-corn-muffins/,240 calories;,9.3 ,34.7,5.1 ,52 ,612 
76934,https://www.allrecipes.com/recipe/76934/nicoise-style-tuna-salad-with-white-beans-olives/,548 calories;,30.3 ,33.4,36.3 ,247 ,526 
76935,https://www.allrecipes.com/recipe/76935/molten-chocolate-cakes-with-sugar-coated-raspberries/,494 calories;,34.7 ,46.4,5.7 ,177 ,210 
76936,https://www.allrecipes.com/recipe/76936/creamy-vinaigrette/,164 calories;,18 ,0.9,0 ,0 ,240 
76937,https://www.allrecipes.com/recipe/76937/creamy-buttermilk-dressing/,92 calories;,9.4 ,1.8,0.8 ,8 ,359 
76938,https://www.allrecipes.com/recipe/76938/smoked-salmon-watercress-salad-with-red-onion-caper-vinaigrette/,162 calories;,15 ,2.2,4.9 ,5 ,501 
76939,https://www.allrecipes.com/recipe/76939/glazed-cornish-game-hens-with-apricot-pistachio-dressing/,866 calories;,56 ,29.1,60.5 ,340 ,23026 
76940,https://www.allrecipes.com/recipe/76940/rotisserie-chicken-chili-with-hominy-and-chiles/,436 calories;,25 ,20.2,32.1 ,98 ,963 
76941,https://www.allrecipes.com/recipe/76941/easy-frozen-margaritas/,,,,,,
76942,https://www.allrecipes.com/recipe/76942/oregano-flavored-feta/,56 calories;,5 ,0.8,2.2 ,18 ,152 
76943,https://www.allrecipes.com/recipe/76943/olive-with-lemon-thyme/,34 calories;,3.6 ,0.6,0.3 ,0 ,362 
76944,https://www.allrecipes.com/recipe/76944/sun-dried-tomato-with-fresh-basil-spread/,57 calories;,5.4 ,1.2,1.3 ,16 ,51 
76945,https://www.allrecipes.com/recipe/76945/white-bean-spread-with-garlic-rosemary/,48 calories;,1.8 ,6.2,2.1 ,0 ,2 
76946,https://www.allrecipes.com/recipe/76946/fried-wonton-rectangles/,133 calories;,13.8 ,2.3,0.4 ,< 1 ,23 
76947,https://www.allrecipes.com/recipe/76947/golden-toast-rounds/,37 calories;,1.3 ,5.3,1.1 ,0 ,62 
76948,https://www.allrecipes.com/recipe/76948/guiso-de-maz/,222 calories;,11.3 ,29.6,4.1 ,10 ,61 
76949,https://www.allrecipes.com/recipe/76949/grapefruit-salad-with-jicama/,433 calories;,25 ,51.4,6.9 ,0 ,1174 
76950,https://www.allrecipes.com/recipe/76950/orange-brunch-strata-with-cranberries-walnuts/,439 calories;,24.7 ,45.7,11.4 ,193 ,347 
76951,https://www.allrecipes.com/recipe/76951/perfectly-simple-pumpkin-cheesecake/,475 calories;,34.3 ,37.6,7.5 ,125 ,300 
76952,https://www.allrecipes.com/recipe/76952/rich-chocolate-tart/,355 calories;,29.1 ,22.1,4.1 ,88 ,66 
76953,https://www.allrecipes.com/recipe/76953/roast-turkeys-with-rich-pan-gravy/,845 calories;,36.1 ,19.7,101.9 ,298 ,11664 
76954,https://www.allrecipes.com/recipe/76954/roasted-new-red-potatoes/,179 calories;,7 ,27.1,3.2 ,0 ,301 
76955,https://www.allrecipes.com/recipe/76955/orange-glazed-asparagus/,73 calories;,3.6 ,8.6,3.9 ,0 ,149 
76956,https://www.allrecipes.com/recipe/76956/easy-strata-and-variations/,,,,,,
76957,https://www.allrecipes.com/recipe/76957/fast-chicken-soup-base/,338 calories;,21.3 ,5.8,29.5 ,91 ,118 
76958,https://www.allrecipes.com/recipe/76958/classic-chicken-noodle-soup/,433 calories;,24.1 ,18.6,34.2 ,101 ,1131 
76959,https://www.allrecipes.com/recipe/76959/classic-chicken-and-rice-soup/,83 calories;,0.2 ,17.5,2.5 ,0 ,24 
76960,https://www.allrecipes.com/recipe/76960/chicken-tortellini-soup-with-zucchini-and-tomatoes/,117 calories;,3 ,18.6,5.5 ,14 ,342 
76961,https://www.allrecipes.com/recipe/76961/make-ahead-mashed-potatoes/,213 calories;,11.2 ,25.4,3.9 ,32 ,72 
76962,https://www.allrecipes.com/recipe/76962/green-beans-with-mustard-cream-sauce-and-toasted-almonds/,151 calories;,8.2 ,15.5,4.3 ,15 ,209 
76963,https://www.allrecipes.com/recipe/76963/sausage-white-bean-soup/,561 calories;,33 ,40.3,26.4 ,71 ,786 
76964,https://www.allrecipes.com/recipe/76964/moist-tender-spice-cake/,275 calories;,13 ,36.1,3.9 ,67 ,222 
76965,https://www.allrecipes.com/recipe/76965/moist-tender-spice-cake-gingerbread-variation/,299 calories;,13 ,42.3,3.9 ,67 ,214 
76966,https://www.allrecipes.com/recipe/76966/crab-avocado-salad-with-fruit-salsa/,224 calories;,15.1 ,19.9,6.6 ,14 ,273 
76967,https://www.allrecipes.com/recipe/76967/grilled-salmon-with-cucumber-salad/,362 calories;,23.5 ,7.2,30 ,93 ,680 
76968,https://www.allrecipes.com/recipe/76968/greek-style-shrimp-salad-on-a-bed-of-baby-spinach/,423 calories;,28.2 ,12.6,30.4 ,201 ,853 
76969,https://www.allrecipes.com/recipe/76969/perfect-berry-shortcakes/,669 calories;,34 ,85.6,8.6 ,133 ,592 
76970,https://www.allrecipes.com/recipe/76970/horseradish-pan-sauce/,53 calories;,2.9 ,2.5,0.3 ,8 ,41 
76971,https://www.allrecipes.com/recipe/76971/red-wine-mustard-pan-sauce/,40 calories;,2.9 ,0.7,0.2 ,8 ,59 
76972,https://www.allrecipes.com/recipe/76972/mustard-cream-pan-sauce/,36 calories;,2.8 ,1.8,0.6 ,11 ,106 
76973,https://www.allrecipes.com/recipe/76973/curried-chicken-soup-with-chickpeas-and-cauliflower/,264 calories;,13.3 ,29.6,9.4 ,4 ,574 
76974,https://www.allrecipes.com/recipe/76974/fresh-tortilla-triangles/,26 calories;,1.6 ,2.9,0.4 ,0 ,3 
76975,https://www.allrecipes.com/recipe/76975/holiday-milk-punch-the-new-eggnog/,365 calories;,8 ,36.5,7.9 ,24 ,98 
76976,https://www.allrecipes.com/recipe/76976/classic-thanksgiving-dressing-with-parsley-sage-and-thyme/,123 calories;,4.7 ,16.1,3.9 ,25 ,327 
76977,https://www.allrecipes.com/recipe/76977/mole-sanchez/,249 calories;,14.8 ,27.7,3.4 ,0 ,19 
76978,https://www.allrecipes.com/recipe/76978/sweet-potato-coconut-puree/,390 calories;,10.7 ,69.9,6.3 ,0 ,314 
76979,https://www.allrecipes.com/recipe/76979/chicken-salad-with-thai-flavored-dressing/,387 calories;,10.5 ,16.8,55.1 ,128 ,792 
76980,https://www.allrecipes.com/recipe/76980/fragrant-chicken-curry/,564 calories;,22.2 ,58,32 ,83 ,631 
76981,https://www.allrecipes.com/recipe/76981/chicken-and-red-bean-enchiladas/,512 calories;,24.2 ,41.8,32.9 ,93 ,937 
76982,https://www.allrecipes.com/recipe/76982/herbed-cream-cheese-with-scallions-and-tuna/,191 calories;,11.3 ,5.2,16.3 ,50 ,330 
76983,https://www.allrecipes.com/recipe/76983/chunky-pizza-dip/,74 calories;,4.7 ,8.1,1.6 ,0 ,280 
76984,https://www.allrecipes.com/recipe/76984/southwestern-flavored-ground-beef-or-turkey-for-tacos-salad/,248 calories;,10.2 ,7.9,30.4 ,84 ,345 
76985,https://www.allrecipes.com/recipe/76985/hortopita/,499 calories;,34.3 ,38.6,10.3 ,28 ,454 
76986,https://www.allrecipes.com/recipe/76986/pineapple-gazpacho/,130 calories;,4.8 ,22.2,1.2 ,0 ,5 
76987,https://www.allrecipes.com/recipe/76987/watermelon-gazpacho/,110 calories;,4.8 ,16.4,1.8 ,0 ,3 
76988,https://www.allrecipes.com/recipe/76988/mango-gazpacho/,147 calories;,5 ,26.2,1.6 ,0 ,5 
76989,https://www.allrecipes.com/recipe/76989/mixed-grill-of-sausage-chicken-and-lamb-with-tandoori-flavorings/,743 calories;,52.5 ,4.7,59.8 ,214 ,1093 
76990,https://www.allrecipes.com/recipe/76990/couscous-with-chickpeas-and-carrots/,192 calories;,2.5 ,35.7,6.5 ,0 ,325 
76991,https://www.allrecipes.com/recipe/76991/roasted-new-potato-salad-with-olives/,260 calories;,16.3 ,26.4,3.2 ,< 1 ,402 
76992,https://www.allrecipes.com/recipe/76992/classic-american-style-potato-salad/,291 calories;,17.3 ,28.8,6.5 ,99 ,550 
76993,https://www.allrecipes.com/recipe/76993/tortilla-sundae-with-minted-mango-salsa/,369 calories;,10.2 ,69.1,3.3 ,15 ,45 
76994,https://www.allrecipes.com/recipe/76994/potato-gratin-with-chicken-broth-garlic-and-thyme/,203 calories;,9.5 ,27,3.2 ,0 ,9 
76995,https://www.allrecipes.com/recipe/76995/chicken-chili-hash-with-peppers-cilantro/,406 calories;,16.7 ,37.1,26.9 ,65 ,537 
76996,https://www.allrecipes.com/recipe/76996/ham-hash-with-sweet-potatoes-thyme/,563 calories;,34.9 ,37.7,24.8 ,64 ,1675 
76997,https://www.allrecipes.com/recipe/76997/very-versatile-hash/,505 calories;,23.8 ,43,29.6 ,89 ,1734 
76998,https://www.allrecipes.com/recipe/76998/sausage-hash-with-apples-sage/,653 calories;,49.4 ,34,19.2 ,86 ,1598 
